{"cameraMode":{"drawMode":0,"name":"Shaded","section":"Shading Mode"},"sceneLighting":true,"audioPlay":false,"sceneViewState":{"m_AlwaysRefresh":false,"showFog":true,"showSkybox":true,"showFlares":true,"showImageEffects":true,"showParticleSystems":true,"showVisualEffectGraphs":true,"m_FxEnabled":true},"in2DMode":false,"pivot":{"x":18.703964233398439,"y":2.298675775527954,"z":11.01069164276123},"rotation":{"x":0.14785294234752656,"y":-0.5919780135154724,"z":0.11158526688814163,"w":0.7843848466873169},"size":1.0549957752227784,"orthographic":false}