{"cameraMode":{"drawMode":0,"name":"Shaded","section":"Shading Mode"},"sceneLighting":false,"audioPlay":false,"sceneViewState":{"m_AlwaysRefresh":false,"showFog":false,"showSkybox":false,"showFlares":false,"showImageEffects":false,"showParticleSystems":false,"showVisualEffectGraphs":true,"m_FxEnabled":true},"in2DMode":false,"pivot":{"x":0.2581508159637451,"y":0.9643462300300598,"z":-0.06621575355529785},"rotation":{"x":0.0016553780296817422,"y":-0.992678165435791,"z":0.12000799924135208,"w":0.013691706582903862},"size":0.9268563985824585,"orthographic":false}